uid,nombre,nacimiento,correo,nacionalidad
0,Oswaldo Zedillo,1966-03-16 00:00:00,elsa31@gmail.com,SALVADOREÑA
1,Mtro. Aldo Ibarra,1980-05-18 00:00:00,angel91@hotmail.com,SALVADOREÑA
2,Micaela Padrón,1967-11-21 00:00:00,granadoshumberto@gmail.com,ITALIANA
3,Manuel Castro,1992-05-09 00:00:00,nunezgloria@gmail.com,ARGENTINA
4,Alicia Cristal Ocasio Ramírez,2017-01-31 00:00:00,salma86@yahoo.com,SALVADOREÑA
5,Rosario Arce Montaño,1951-10-02 00:00:00,dulce-mariamadera@gmail.com,GUYANESA
6,Flavio Aguirre,1994-12-20 00:00:00,sergio96@gmail.com,YUGOSLAVA
7,Cristal Gaona Vázquez,1984-09-28 00:00:00,yteran@hotmail.com,LIBIA
8,Itzel Madrid Tello,1971-04-15 00:00:00,yquesada@hotmail.com,BIRMANA
9,Nancy Perales,1976-10-13 00:00:00,aguileramariana@gmail.com,GUINEA
10,Mtro. Eugenio Villanueva,2007-08-04 00:00:00,gabriel75@hotmail.com,TURCA
11,José María Varela,1974-02-13 00:00:00,cristobalsanchez@gmail.com,GAMBIANA
12,Ignacio Almanza Velásquez,1972-07-18 00:00:00,aureliomondragon@gmail.com,SINGAPORENSE
13,Lourdes Méndez,1962-05-30 00:00:00,palmanza@gmail.com,TANZANIANA
14,Nayeli Bernardo Tamez Calderón,2008-09-11 00:00:00,anguianogregorio@yahoo.com,ESTADOUNIDENSE
15,Emiliano Gerardo Muñoz,1980-05-17 00:00:00,arturonegrete@hotmail.com,AUSTRALIANA
16,Horacio Graciela Quesada,2002-07-21 00:00:00,rodrigomaestas@yahoo.com,ZAMBIANA
17,Sofía Mónica Mayorga,1950-10-04 00:00:00,rufinoalfaro@yahoo.com,SOVIETICA UCRANIANA
18,Carla Jaramillo Garibay,1983-09-20 00:00:00,gabrielaarenas@yahoo.com,SUDAFRICANA
19,Estela Marroquín Ortiz,1974-10-28 00:00:00,jloya@yahoo.com,ALEMANA
20,Ilse Alejandra Bustos,1981-11-16 00:00:00,cazarespatricia@hotmail.com,NIGERINA
21,Minerva Barrios Concepción,1978-04-08 00:00:00,wendolin75@yahoo.com,AUSTRALIANA
22,Elisa Cortez,1959-09-17 00:00:00,borregoalfonso@hotmail.com,ISRAELI
23,Lic. Concepción Palacios,1950-03-26 00:00:00,de-jesusyuridia@yahoo.com,NAURUANA
24,Juan Carlos Uriel Romero,1967-11-30 00:00:00,kcastaneda@gmail.com,BURKINA FASO
25,Ariadna Gaona Ledesma,1967-03-22 00:00:00,antoniohernadez@gmail.com,TUNECINA
26,Susana Caldera,1992-12-05 00:00:00,luz56@hotmail.com,GUINEA
27,Estefanía Ocampo Raya,2006-02-16 00:00:00,porfirio80@yahoo.com,ZAMBIANA
28,Augusto Carlos Gallardo,2008-07-16 00:00:00,menendezsilvano@gmail.com,INDONESA
29,José Luis Karla Valverde,1956-06-02 00:00:00,hector51@yahoo.com,KIRGUISTAN
30,Ing. María José Perales,2014-11-05 00:00:00,erivera@gmail.com,ISRAELI
31,Ofelia Navarro Dávila,1971-04-10 00:00:00,sgallardo@gmail.com,BHUTANESA
32,Lucía Palomo Olivera,1994-06-21 00:00:00,furbina@hotmail.com,NAMIBIANA
33,Emilio Asunción Luevano,1965-11-14 00:00:00,vicentegaray@gmail.com,LIBANESA
34,Soledad Beltrán,1975-06-12 00:00:00,dulce-mariarendon@hotmail.com,PORTUGUESA
35,Dulce Omar Rivas,1970-05-07 00:00:00,rocio43@hotmail.com,GUINEA
36,Lic. Felix Hernandes,1978-05-26 00:00:00,pelayovanesa@yahoo.com,BULGARA
37,María Teresa Samuel Segovia,1970-03-30 00:00:00,ycotto@gmail.com,RWANDESA
38,Ricardo Julia Archuleta,1956-03-03 00:00:00,bruno27@gmail.com,GABONESA
39,Liliana Juan Carlos Padrón,2004-08-18 00:00:00,davilaofelia@gmail.com,ESTONIA
40,Isabel Estefanía Olmos Cordero,1973-10-30 00:00:00,germanpaz@gmail.com,GUINEA ECUATORIANA
41,Isabela Gil Espinosa,1953-10-02 00:00:00,medinasalvador@hotmail.com,TANZANIANA
42,Isaac Armas Tejada,1977-11-24 00:00:00,gabino11@gmail.com,OMANESA
43,Pilar Meraz Reynoso,1991-10-04 00:00:00,rodartejaqueline@gmail.com,ITALIANA
44,Bruno Indira Olivas Galván,1960-04-25 00:00:00,agustincarrera@yahoo.com,LITUANIA 
45,Victoria Jorge Arredondo Madrigal,1951-12-21 00:00:00,cynthiasuarez@yahoo.com,AUSTRIACA
46,Irene Villagómez Velázquez,1979-05-24 00:00:00,gerardoarce@hotmail.com,CHIPRIOTA
47,Lic. Sessa Ordóñez,2016-01-15 00:00:00,monicaibarra@yahoo.com,COLOMBIANA
48,Ana Noelia Barrios,1974-04-16 00:00:00,becerradaniel@yahoo.com,KENIANA
49,Jesús Henríquez,1976-09-22 00:00:00,vamador@yahoo.com,SURINAMENSE
50,Sr(a). Sergio Gil,2006-08-30 00:00:00,evaviera@yahoo.com,HAITIANA
51,Augusto Cordero Jasso,1996-11-24 00:00:00,abril57@gmail.com,SWAZI
52,José Eduardo Javier Casillas,1958-04-08 00:00:00,minerva73@hotmail.com,REINO UNIDO
53,Mercedes Martínez,1979-08-16 00:00:00,valdezroberto@gmail.com,NAMIBIANA
54,Rosalia Rocío Vázquez Granados,1995-03-25 00:00:00,citlaliolivo@gmail.com,GUYANESA
55,Santiago Guillen Esquibel,1950-06-27 00:00:00,rodrigopantoja@hotmail.com,BURUNDESA
56,Augusto Margarita Crespo,1982-09-05 00:00:00,cristinaaltamirano@gmail.com,SUIZA
57,Modesto Lucero Luna,1968-03-07 00:00:00,sanchezcristal@gmail.com,ESTONIA
58,Sr(a). Raquel Carreón,2005-11-19 00:00:00,carlota25@hotmail.com,NIGERINA
59,Lic. Lorena Badillo,1997-10-05 00:00:00,hcalderon@gmail.com,GUYANESA
60,María del Carmen Rodolfo Blanco Romo,1962-10-02 00:00:00,menaberta@gmail.com,BOLIVIANA
61,Adán Gilberto Lomeli Escobar,1968-12-12 00:00:00,bernardo07@yahoo.com,DE SANTO TOME
62,Lic. Amanda Girón,1990-08-08 00:00:00,uchavez@hotmail.com,SOVIETICA UCRANIANA
63,Mtro. Judith Cardenas,1982-05-10 00:00:00,dporras@yahoo.com,CONGOLESA
64,Juan Carlos Carvajal Zamora,1998-09-29 00:00:00,pmaldonado@hotmail.com,TUNECINA
65,Natalia Delgadillo Robledo,2016-03-05 00:00:00,federico18@yahoo.com,SAN MARINENSE
66,Rubén Mora,2000-05-11 00:00:00,jose-eduardopalomo@gmail.com,PAPUENSE
67,Ana Acevedo Munguía,1998-11-12 00:00:00,conchita25@hotmail.com,MALDIVA
68,Zeferino Sofía Ortega,2004-05-05 00:00:00,julio-cesar94@gmail.com,AMERICANA
69,Mateo Claudio Leiva Valle,2014-03-12 00:00:00,fgallegos@gmail.com,ZAMBIANA
70,María Eugenia Robledo Arteaga,1996-11-08 00:00:00,arceliaviera@gmail.com,GRANADINA
71,José Manuél Olga Perales,1952-02-18 00:00:00,elisa63@gmail.com,PAPUENSE
72,Yolanda Blanco,2006-04-19 00:00:00,estevezjose-manuel@hotmail.com,TRINITARIA
73,Dulce María Salvador Escamilla,1948-09-14 00:00:00,ofeliatrejo@gmail.com,PARAGUAYA
74,Ana Mesa,2018-03-22 00:00:00,yolanda26@hotmail.com,DE SANTO TOME
75,Lic. Abigail Rentería,2000-08-21 00:00:00,amador46@gmail.com,BHUTANESA
76,Genaro Valentín,1956-07-25 00:00:00,ceballosespartaco@yahoo.com,SUIZA
77,Tomás Valdez Serrano,2019-01-17 00:00:00,isaac58@gmail.com,TUNECINA
78,Clara Zavala,1956-02-15 00:00:00,caballerodario@yahoo.com,SINGAPORENSE
79,Benito Heredia Leal,1985-07-21 00:00:00,wnegrete@hotmail.com,SIRIA
80,Reina José Carlos Espino Riojas,1991-02-19 00:00:00,caleman@yahoo.com,INDONESA
81,María Elena Ana Aguilera Aparicio,1967-02-27 00:00:00,brunoquiroz@yahoo.com,PARAGUAYA
82,Lic. Antonia Tello,1991-05-09 00:00:00,de-la-oleonardo@hotmail.com,DEL QATAR
83,Abelardo Linares,1973-11-25 00:00:00,gutierrezvictor@hotmail.com,MOZAMBIQUEÑA
84,Anabel Emilia Zamora Ávalos,1994-08-22 00:00:00,estela10@hotmail.com,PANAMEÑA
85,Mtro. Rocío Gurule,1985-04-30 00:00:00,gloriamatias@gmail.com,NICARAGUENSE
86,Flavio Paulina Vásquez Ybarra,1998-11-12 00:00:00,mariano79@yahoo.com,ZAIRANA
87,Jos Zavala Salazar,2016-04-06 00:00:00,marreroelvira@hotmail.com,ZAIRANA
88,Lorenzo Soto,1986-04-11 00:00:00,maria-teresa19@gmail.com,BURKINA FASO
89,Alfonso Germán Báez Moreno,1994-12-23 00:00:00,bacaeva@gmail.com,SIERRA LEONESA
90,Lic. Felipe del Valle,1961-06-28 00:00:00,luz95@yahoo.com,REINO UNIDO(C. BRIT. DEL EXT.)
91,Octavio Caballero,1970-04-18 00:00:00,ctijerina@yahoo.com,CHILENA
92,Dr. Humberto Carreón,2014-07-17 00:00:00,agustinnajera@gmail.com,SIERRA LEONESA
93,Hugo José Manuél Aguilera Olvera,1957-07-05 00:00:00,rcanales@yahoo.com,PORTUGUESA
94,Ivonne Montenegro,1966-11-12 00:00:00,silvia29@yahoo.com,NIGERINA
95,Nadia Cedillo,1968-07-04 00:00:00,patricioelizondo@hotmail.com,NAURUANA
96,Mtro. Elena Estrada,2001-05-29 00:00:00,palva@hotmail.com,JORDANA
97,Dr. Laura Ramón,2011-10-23 00:00:00,augusto01@gmail.com,MALDIVA
98,Rosario Gregorio Godoy Jaimes,1961-09-28 00:00:00,ofelia42@hotmail.com,HINDU
99,Susana Miramontes,2009-02-22 00:00:00,icorral@gmail.com,AMERICANA
100,Lic. Ana Luisa Delgado,1988-12-09 00:00:00,qleiva@hotmail.com,SWAZI
101,Enrique Tamez,1961-07-02 00:00:00,alta-graciaespinoza@hotmail.com,SAN MARINENSE
102,Diana Martha Menchaca,1960-04-05 00:00:00,benitoarredondo@gmail.com,TOGOLESA
103,Julio Genaro Alfaro Ojeda,1980-12-10 00:00:00,jose-manuelmascarenas@hotmail.com,BELICEÑA
104,Iván Avilés de Jesús,2016-01-14 00:00:00,delgadofelipe@gmail.com,CONGOLESA
105,Claudio Joaquín Porras,1957-06-23 00:00:00,alonzocristobal@gmail.com,ARGELIANA
106,Victoria María Teresa Chapa,1979-11-04 00:00:00,marquezdario@hotmail.com,HONDUREÑA
107,Abril Luisa Yáñez Hinojosa,2017-09-29 00:00:00,oguajardo@hotmail.com,ZAMBIANA
108,Horacio Mercado,1951-11-26 00:00:00,lilianaesparza@hotmail.com,CHECOSLOVACA
109,Aurora Jáquez,1971-12-25 00:00:00,citlalirazo@gmail.com,BAHAMEÑA
110,Dr. Alta  Gracia Corona,1982-12-01 00:00:00,dolores31@yahoo.com,LIBANESA
111,Mtro. Ruby Soria,1980-08-14 00:00:00,avalosrebeca@yahoo.com,GRIEGA
112,Sr(a). María Teresa Sarabia,2006-10-19 00:00:00,ulibarrialberto@gmail.com,MICRONECIA
113,Rosario Jorge Luis de la Fuente Coronado,1971-01-17 00:00:00,conchitamaya@yahoo.com,PAPUENSE
114,Cecilia Guillermo Castillo,1969-09-29 00:00:00,nayelirenteria@hotmail.com,MARFILEÑA
115,Leonor Eric Mireles,1991-06-15 00:00:00,laureanozacarias@hotmail.com,CANADIENSE
116,Alfredo Salcedo,2004-11-17 00:00:00,zapatatania@yahoo.com,LITUANIA 
117,Jaime Vega Colón,1973-12-04 00:00:00,saenzpablo@hotmail.com,NEPALESA
118,Karla Casares,1999-06-25 00:00:00,gherrera@hotmail.com,AFGANA
119,Liliana Quintero,1997-07-14 00:00:00,ana23@hotmail.com,DE BAHREIN
120,Natalia Patiño,2001-11-02 00:00:00,esteban28@gmail.com,LIECHTENSTENSE
121,Sr(a). Wendolin Feliciano,1975-09-23 00:00:00,gustavorael@yahoo.com,BIRMANA
122,Pedro Caballero,1950-03-30 00:00:00,bsantiago@yahoo.com,URUGUAYA
123,Ing. Gustavo Hernádez,1949-01-04 00:00:00,nrincon@gmail.com,KIRGUISTAN
124,Juan Carlos Abigail Anguiano Adame,2008-01-13 00:00:00,cabanabraham@gmail.com,SWAZI
125,Ricardo Rocío Acuña,1967-06-22 00:00:00,anel84@yahoo.com,BRITANICA
126,Linda Cortés,2007-04-09 00:00:00,zfierro@yahoo.com,LIECHTENSTENSE
127,Sessa Esther Correa Godínez,1979-06-20 00:00:00,florezmaria-jose@gmail.com,SIRIA
128,Dr. Abraham Leiva,1979-02-23 00:00:00,morafrancisco@yahoo.com,ALEMANA
129,Tomás Solís,1996-04-23 00:00:00,zoe75@yahoo.com,ZAMBIANA
130,Sr(a). María Eugenia Centeno,1970-08-24 00:00:00,angela93@yahoo.com,RUMANA
131,Magdalena Corona,2010-08-04 00:00:00,mateosalgado@yahoo.com,SUDANESA
132,Rufino Aguilera,1958-04-29 00:00:00,dsarabia@yahoo.com,BOLIVIANA
133,Mtro. Graciela Rosas,1983-04-03 00:00:00,adrianarosas@yahoo.com,FRANCESA
134,Julio Verónica Zayas Nevárez,1974-05-11 00:00:00,rene74@hotmail.com,REINO UNIDO
135,Alma Cisneros,2000-11-29 00:00:00,helenarenteria@yahoo.com,MARROQUI
136,Mtro. Abel Treviño,1967-12-24 00:00:00,gferrer@yahoo.com,MAURITANA
137,Aldonza Irizarry Barragán,1988-06-01 00:00:00,cristobalbustos@gmail.com,ZAIRANA
138,Amalia Teodoro Cano Almaraz,1969-11-27 00:00:00,casanovavictoria@yahoo.com,HOLANDESA
139,Sr(a). Víctor Castro,1972-05-06 00:00:00,pamelaortega@gmail.com,URUGUAYA
140,Rosario Rojas Guardado,1982-06-18 00:00:00,jorgequintana@yahoo.com,IRLANDESA
141,Carlota Evelio Rocha Alfaro,1958-07-16 00:00:00,rubenangulo@gmail.com,LIECHTENSTENSE
142,Leonardo Antonia Coronado Quintero,1992-07-31 00:00:00,mvaldivia@yahoo.com,GABONESA
143,Sr(a). Pascual Cornejo,2009-08-22 00:00:00,maria-jose76@hotmail.com,SINGAPORENSE
144,Mateo Soto Moya,2008-06-04 00:00:00,felix30@hotmail.com,JAPONESA
145,José Paulina Vélez Ponce,2018-10-25 00:00:00,raul62@hotmail.com,PARAGUAYA
146,Dr. Noemí Luna,1978-06-04 00:00:00,alemanasuncion@yahoo.com,MONEGASCA
147,José Carlos Rocío Delgado,1969-06-23 00:00:00,bprieto@yahoo.com,CANADIENSE
148,Lic. María Elena Olivo,2008-01-31 00:00:00,salma70@gmail.com,LIBANESA
149,Guillermo Figueroa Casanova,1950-06-09 00:00:00,serafin41@yahoo.com,NAURUANA
150,Caridad Alejandro Collado Esquivel,1958-07-29 00:00:00,osalinas@hotmail.com,SUIZA
151,Federico Zacarías Mejía Burgos,1978-07-29 00:00:00,jeronimoguajardo@hotmail.com,GUINEA ECUATORIANA
152,Jerónimo Grijalva Garrido,1981-11-09 00:00:00,ruben54@yahoo.com,ETIOPE
153,Amelia Israel del Río Domínguez,2017-09-02 00:00:00,romeromayte@hotmail.com,URUGUAYA
154,Jaime Marisol Madrid,1953-11-26 00:00:00,gonzalolomeli@yahoo.com,BRITANICA
155,Eloy Valadez Lemus,1992-04-02 00:00:00,trevinojoaquin@gmail.com,MEXICANA
156,Aldo Ulloa Vera,1973-03-12 00:00:00,alcarazpascual@hotmail.com,FINLANDESA
157,Dr. Javier Matías,2001-03-18 00:00:00,kquinones@hotmail.com,DOMINICA
158,Rosalia Zacarías Cazares,2017-03-09 00:00:00,vvazquez@hotmail.com,DANESA
159,Espartaco Leiva Irizarry,1986-03-14 00:00:00,cristian35@gmail.com,CHINA
160,Pedro Ruelas,1986-07-16 00:00:00,ovillalpando@yahoo.com,AFGANA
161,Sr(a). Olga Montez,2004-01-24 00:00:00,davilaaldonza@gmail.com,ALEMANA
162,Florencia Montero Chacón,1972-10-19 00:00:00,hidalgodiana@hotmail.com,HINDU
163,Irma Dávila,1969-10-19 00:00:00,ivonne14@hotmail.com,BOLIVIANA
164,Augusto Clara Sánchez Colón,1967-09-30 00:00:00,juanaledesma@hotmail.com,GUINEA
165,Ricardo Garay,1990-09-11 00:00:00,aurora29@hotmail.com,MALDIVA
166,Abel Alfredo Vargas,1956-06-21 00:00:00,dcandelaria@hotmail.com,NORVIETNAMITA
167,Cristian Teodoro Oquendo,1994-11-30 00:00:00,jaimesevelio@yahoo.com,SINGAPORENSE
168,Sofía Orellana Rosas,1998-09-27 00:00:00,srazo@hotmail.com,SUECA
169,Leticia Ureña,1950-08-15 00:00:00,jcaban@gmail.com,SIRIA
170,Lic. Isabel Alvarez,2000-06-25 00:00:00,escobedogerardo@yahoo.com,BOTSWANESA
171,Marisol Oquendo,1948-06-27 00:00:00,victoriaocasio@yahoo.com,NIGERIANA
172,Ing. Antonia Pacheco,2008-04-29 00:00:00,alejandroportillo@gmail.com,NICARAGUENSE
173,Jorge Muñiz,1956-01-19 00:00:00,ocampoleonardo@gmail.com,MALDIVA
174,José José Eduardo Barraza Covarrubias,1958-02-20 00:00:00,ofelianavarrete@yahoo.com,MEXICANA
175,Mtro. Caridad Ceja,1996-07-07 00:00:00,ernesto19@hotmail.com,REINO UNIDO(DEPEN. TET. BRIT.)
176,Abraham Gurule Menchaca,2012-04-28 00:00:00,perearodolfo@yahoo.com,MALIENSE
177,Berta Malave Zepeda,1992-06-14 00:00:00,obahena@yahoo.com,MALASIA
178,Darío Tomás Longoria Linares,1984-12-26 00:00:00,hvargas@hotmail.com,GAMBIANA
179,Mario Jaime,1987-08-02 00:00:00,tquintana@yahoo.com,LIBIA
180,Lic. Julio Llamas,1962-01-17 00:00:00,rosadoisabel@gmail.com,ETIOPE
181,Ángela Esperanza Cortez Rosas,1957-01-19 00:00:00,francisco-javier52@yahoo.com,SUECA
182,Julio César Quiñónez Pantoja,1974-04-02 00:00:00,laviles@hotmail.com,ZAIRANA
183,Alejandro María Cristina Esquivel Martínez,2007-10-29 00:00:00,doloreslugo@gmail.com,AFGANA
184,Sara Villareal,1983-11-05 00:00:00,bde-la-torre@yahoo.com,TAILANDESA
185,Lic. Hugo Castro,2004-09-19 00:00:00,maria-del-carmensalgado@yahoo.com,CUBANA
186,Sr(a). Pablo Gallardo,2006-02-26 00:00:00,aguayogenaro@yahoo.com,MONEGASCA
187,Marcos Martín Valadez Zambrano,1949-01-06 00:00:00,vigiljacinto@gmail.com,NORCOREANA
188,Karla Bonilla Otero,1978-05-04 00:00:00,candelariarebeca@hotmail.com,SURINAMENSE
189,Jacobo Indira Mares,2012-02-23 00:00:00,turibe@yahoo.com,ESTONIA
190,Irene Mora,1969-01-24 00:00:00,salcidocaridad@gmail.com,ISRAELI
191,Bernardo Raúl Niño,1961-10-11 00:00:00,vurena@gmail.com,BHUTANESA
192,Minerva Israel Santacruz Sierra,1978-08-26 00:00:00,villarodolfo@hotmail.com,REINO UNIDO(DEPEN. TET. BRIT.)
193,Dolores Héctor Mata,1958-12-20 00:00:00,noriegajos@yahoo.com,MONGOLESA
194,Alicia Espinosa,1952-12-13 00:00:00,gabrielcamarillo@gmail.com,ESPAÑOLA
195,Berta Vega,1983-01-16 00:00:00,aragonjavier@gmail.com,RUMANA
196,Caridad Sergio Vargas,1992-07-29 00:00:00,francisca04@yahoo.com,MOZAMBIQUEÑA
197,Carlota Archuleta,1992-01-16 00:00:00,solizmario@hotmail.com,SIERRA LEONESA
198,Marisol Montaño Hinojosa,2014-11-11 00:00:00,eugenia30@gmail.com,SOVIETICA UCRANIANA
199,Karla Cotto Reyes,1994-04-02 00:00:00,carmenbarrientos@gmail.com,HINDU
200,Graciela Gilberto Tamayo,1999-03-16 00:00:00,ipulido@hotmail.com,ZAMBIANA
201,Ing. Noelia Trujillo,1994-10-09 00:00:00,alberto81@yahoo.com,TANZANIANA
202,Beatriz Montañez Mena,1950-08-18 00:00:00,esther36@hotmail.com,DOMINICA
203,Ing. Mariano Hinojosa,2007-09-23 00:00:00,alejandrorenato@hotmail.com,BRITANICA
204,Ing. Mauricio Ochoa,1983-02-01 00:00:00,evera@gmail.com,PAKISTANI
205,Esperanza Josefina Gamez,1967-05-28 00:00:00,miguel-angelzayas@hotmail.com,ARGELIANA
206,Itzel Riojas,2010-03-11 00:00:00,genarobadillo@yahoo.com,CHINA
207,Sandra Maldonado Mejía,1972-10-24 00:00:00,genaromercado@gmail.com,BRASILEÑA
208,Sr(a). Raquel Cornejo,1984-09-29 00:00:00,uontiveros@yahoo.com,OMANESA
209,Jacinto Gabriel Otero,2015-02-08 00:00:00,ocamarillo@yahoo.com,BHUTANESA
210,Úrsula Terrazas Viera,1954-09-09 00:00:00,ajimenez@hotmail.com,BRASILEÑA
211,Amelia Mayorga,2011-12-10 00:00:00,vde-la-garza@hotmail.com,REINO UNIDO
212,Amanda Pulido,1978-05-10 00:00:00,gerardoportillo@gmail.com,MALDIVA
213,Reina Adán Baeza Páez,1976-06-22 00:00:00,elvira78@yahoo.com,YEMENI
214,Estefanía Naranjo Nevárez,2009-06-25 00:00:00,amanda84@yahoo.com,TAIWANESA
215,Ariadna Ferrer,1994-07-10 00:00:00,antonio02@gmail.com,ARGENTINA
216,Mtro. Alejandro Rosario,1986-10-18 00:00:00,martha77@hotmail.com,NICARAGUENSE
217,María José Berríos,2018-01-13 00:00:00,zacariasfajardo@gmail.com,VATICANA
218,Ignacio Gamboa,2001-11-08 00:00:00,teresavelasquez@yahoo.com,DE CABO VERDE
219,Elena Octavio Longoria,1998-05-11 00:00:00,pilarcarbajal@hotmail.com,CHADIANA
220,Dulce Samuel Altamirano,1952-02-18 00:00:00,zontiveros@yahoo.com,DE BAHREIN
221,Lic. Gustavo Rodrígez,1992-04-16 00:00:00,bernalmaria-elena@hotmail.com,HAITIANA
222,Adalberto Pabón Fajardo,1969-12-10 00:00:00,helena41@hotmail.com,ISLANDESA
223,Yeni Rosa Acosta Lemus,1954-07-04 00:00:00,concepcionanaya@yahoo.com,CANADIENSE
224,Lic. Úrsula Sierra,1958-05-22 00:00:00,rrenteria@gmail.com,RWANDESA
225,Alvaro Amanda Soto Jaimes,1965-07-09 00:00:00,nancy16@hotmail.com,CANADIENSE
226,Gregorio Aurelio Olivas Solorzano,1956-08-30 00:00:00,nadiatorres@yahoo.com,PAKISTANI
227,Norma Calderón,1971-12-29 00:00:00,gflores@yahoo.com,GRIEGA
228,Sr(a). Cristian Frías,1957-02-05 00:00:00,borozco@yahoo.com,DE BAHREIN
229,Gonzalo Arcelia Vanegas Centeno,1959-02-28 00:00:00,kgiron@yahoo.com,BELICEÑA
230,Dr. María Eugenia Arroyo,1992-02-22 00:00:00,alvaro65@yahoo.com,BELGA
231,Héctor Nadia Concepción,1999-03-08 00:00:00,julio-cesarpalomino@yahoo.com,LAOSIANA
232,Cornelio Ramos de la Rosa,1971-12-09 00:00:00,gbenitez@gmail.com,GUINEA
233,Silvano Julio César Tamayo,1950-01-06 00:00:00,rosacorral@hotmail.com,MALASIA
234,Alicia Concepción Canales,1983-10-02 00:00:00,nrodrigez@hotmail.com,CAMERUNESA
235,Javier Raúl Cervántez,1971-01-12 00:00:00,cynthiavillareal@yahoo.com,FRANCESA
236,Anabel Melgar Gálvez,1953-02-08 00:00:00,sofia29@gmail.com,ARGENTINA
237,Gerardo Méndez Ureña,2014-03-01 00:00:00,dcarrera@hotmail.com,AUSTRALIANA
238,Dr. Daniela Laureano,1967-10-23 00:00:00,maria-cristina44@gmail.com,ARGELIANA
239,Leticia Alejandra Lerma,1976-10-30 00:00:00,itzelsarabia@hotmail.com,ZAMBIANA
240,Lic. Cynthia Sosa,1979-02-15 00:00:00,farias@hotmail.com,GUYANESA
241,Mtro. Hermelinda Alcala,1968-10-12 00:00:00,bianca34@yahoo.com,NORCOREANA
242,Julio Citlali Alvarado Arenas,1958-09-10 00:00:00,reynaldojurado@yahoo.com,DE ZIMBAWI
243,Ing. Julio César Velasco,1952-07-24 00:00:00,tfonseca@hotmail.com,EGIPCIA
244,Mtro. Rosalia Huerta,1953-04-23 00:00:00,felicianomodesto@hotmail.com,KENIANA
245,Débora Barajas Moya,2015-10-26 00:00:00,hlimon@yahoo.com,TRINITARIA
246,Leonor Margarita Meza Barrera,2016-10-04 00:00:00,graciaana-luisa@gmail.com,BHUTANESA
247,Esther María Elena Ceja de León,1976-07-30 00:00:00,zeferinonieto@gmail.com,MAURICIANA
248,Ángela Magaña Contreras,1953-09-01 00:00:00,angelaquesada@hotmail.com,ARABE
249,Lic. Mercedes Zelaya,1973-04-02 00:00:00,gamezesteban@yahoo.com,SINGAPORENSE
250,Esmeralda Anguiano,2000-05-30 00:00:00,oacuna@yahoo.com,BOTSWANESA
251,Mtro. Flavio Becerra,1968-06-16 00:00:00,omar03@yahoo.com,LIBANESA
252,Reynaldo Porfirio Galván,1998-05-25 00:00:00,fernandopolanco@hotmail.com,GABONESA
253,Sr(a). Juan Carlos Bañuelos,1978-08-23 00:00:00,trevinohomero@hotmail.com,REINO UNIDO(BRIT. DEL EXT.)
254,Rocío Itzel Matías,1971-03-25 00:00:00,bmuniz@gmail.com,RUMANA
255,Mtro. Rafaél Brito,2000-05-20 00:00:00,dariofeliciano@yahoo.com,BURUNDESA
256,Violeta Eugenia Quiroz Sisneros,1956-07-29 00:00:00,qfonseca@yahoo.com,GHANATA
257,Sergio Escamilla Oquendo,1980-06-17 00:00:00,lomeliignacio@hotmail.com,SANTA LUCIENSE
258,Abril Alfredo Alcántar Nevárez,1975-04-17 00:00:00,raelwendolin@gmail.com,JORDANA
259,Santiago Gustavo Ulloa Trujillo,2018-05-23 00:00:00,hcastro@hotmail.com,ESLOVENIA
260,Rafaél Granado Jaimes,1959-10-10 00:00:00,fernandoarroyo@yahoo.com,MAURICIANA
261,Rodrigo Esperanza Roque Nava,1964-12-13 00:00:00,corteselias@hotmail.com,LESOTHENSE
262,Rocío Cotto Lemus,2005-07-09 00:00:00,hugo65@hotmail.com,MALDIVA
263,Dr. Margarita Benítez,2016-09-10 00:00:00,valenciasilvia@gmail.com,MALAWIANA
264,Clara Leticia Orosco,1968-12-26 00:00:00,natividad72@gmail.com,REINO UNIDO(C. BRIT. DEL EXT.)
265,Frida Soria,2000-01-31 00:00:00,fabiola13@yahoo.com,NIGERINA
266,Esteban Ruby Calvillo Arroyo,2000-03-10 00:00:00,xdel-rio@hotmail.com,YEMENI
267,Rufino Velasco,1962-02-12 00:00:00,hinojosaangel@yahoo.com,GUINEA
268,Uriel Concepción,1958-06-06 00:00:00,yuridiabarrera@gmail.com,JAMAIQUINA
269,Gonzalo Jorge Suárez Caldera,2002-12-08 00:00:00,jacintocamarillo@gmail.com,MOZAMBIQUEÑA
270,Mario Estefanía Ybarra Rojo,2012-10-24 00:00:00,armasgabriela@gmail.com,TURCA
271,Dr. Miguel Ángel Figueroa,1964-04-29 00:00:00,chavarriaruby@hotmail.com,IRAQUI
272,Arcelia Jesús Robles,1955-04-24 00:00:00,guajardoindira@gmail.com,IRANI
273,Luz Madera Gallardo,2014-11-15 00:00:00,fidellugo@yahoo.com,GUINEA ECUATORIANA
274,Lic. Amanda Gracia,1983-05-22 00:00:00,ivelez@hotmail.com,PORTUGUESA
275,Ing. Adela Ledesma,2002-05-08 00:00:00,tomasviera@gmail.com,ALEMANA
276,José Manuél Arturo Caldera,2004-10-04 00:00:00,sara05@gmail.com,IRLANDESA
277,Sr(a). Germán Galván,1969-01-03 00:00:00,cperalta@gmail.com,SAMOANA
278,Noemí Ariadna Padrón,2001-01-19 00:00:00,guardadofrancisco-javier@yahoo.com,GUINEA
279,Sr(a). Ignacio Muñiz,1966-12-28 00:00:00,hernanrael@yahoo.com,SAN MARINENSE
280,Nelly Julio Pichardo Jaramillo,1953-01-21 00:00:00,hperea@yahoo.com,SUDANESA
281,Julia Valdivia Flórez,1960-07-31 00:00:00,yuridiasaldana@hotmail.com,PUERTORRIQUEÑA
282,Germán Otero Pichardo,2008-01-17 00:00:00,cristal53@yahoo.com,AUSTRIACA
283,Teodoro Zepeda Chavarría,1970-03-10 00:00:00,kleiva@yahoo.com,HUNGARA
284,Eva Cervantes,1993-09-28 00:00:00,alejandrovaldivia@gmail.com,HUNGARA
285,Indira Karina de Anda Verduzco,1989-11-25 00:00:00,rodrigosantillan@gmail.com,MALASIA
286,Julio Carrero Esparza,1994-04-28 00:00:00,isabela02@gmail.com,KUWAITI
287,Angélica Mesa,2005-04-18 00:00:00,nduenas@hotmail.com,DE ZIMBAWI
288,Emilia Delgado,1982-12-19 00:00:00,lsalinas@hotmail.com,JAPONESA
289,Alma Zacarías Sauceda,1950-12-25 00:00:00,casashelena@gmail.com,SWAZI
290,Augusto Irene Ceballos,1963-11-25 00:00:00,casillasmaria-elena@yahoo.com,AUSTRIACA
291,Nelly Prado Calderón,1958-12-31 00:00:00,esparta00@gmail.com,ARGELIANA
292,Ricardo Ernesto Salcido Chacón,1987-05-20 00:00:00,xvalenzuela@yahoo.com,SAN MARINENSE
293,Hilda Burgos Rascón,1958-08-11 00:00:00,samaniegosoledad@gmail.com,LAOSIANA
294,Darío Emiliano Razo Domínguez,1966-02-08 00:00:00,gcantu@gmail.com,MARROQUI
295,Humberto Palomo Arguello,1964-08-15 00:00:00,nevarezsusana@yahoo.com,NORVIETNAMITA
296,Estela Godínez,1960-05-13 00:00:00,hpulido@gmail.com,GUYANESA
297,José Ríos Rincón,1953-11-26 00:00:00,lvalenzuela@gmail.com,"MOLDOVIA, REPUBLICA DE"
298,Paulina Chávez,1982-09-17 00:00:00,krosales@hotmail.com,MONEGASCA
299,Tomás Olvera,2008-04-24 00:00:00,claudiacovarrubias@hotmail.com,"MOLDOVIA, REPUBLICA DE"
300,Aida Espinoza,1950-04-05 00:00:00,paolafajardo@gmail.com,SALOMONESA
301,Florencia Cynthia Lugo Laboy,1999-11-28 00:00:00,fajardolilia@gmail.com,CHECOSLOVACA
302,Delia Riojas Lozada,1960-03-03 00:00:00,de-jesusdiego@gmail.com,RUMANA
303,Indira Armendáriz,1993-08-24 00:00:00,naguilera@gmail.com,TAIWANESA
304,Maximiliano Malave Serrano,1948-09-01 00:00:00,maria-del-carmen65@hotmail.com,MALAWIANA
305,Concepción Jorge Luis Zúñiga,1957-11-20 00:00:00,alarconaraceli@yahoo.com,LAOSIANA
306,Mtro. Jesús Terán,2017-07-18 00:00:00,yteran@hotmail.com,MALIENSE
307,Teresa Pedro Arce,1959-12-11 00:00:00,mjaimes@hotmail.com,LIBIA
308,Aldonza Aldo Lozano,2004-09-01 00:00:00,luis-miguel39@yahoo.com,DE BARBADOS
309,Emilia Cadena,1972-02-03 00:00:00,amontoya@yahoo.com,ISRAELI
310,Verónica Madrid Alba,2008-06-04 00:00:00,urielvera@gmail.com,GRANADINA
311,Patricio Rico Salinas,2017-05-26 00:00:00,ichacon@hotmail.com,PORTUGUESA
312,Omar Elena Samaniego,1973-05-21 00:00:00,elvira63@hotmail.com,HAITIANA
313,Noemí Ruiz,1990-12-09 00:00:00,candelariaaraceli@yahoo.com,AUSTRALIANA
314,Jacobo Sofía Arteaga,2018-07-02 00:00:00,aldonza63@yahoo.com,VENEZOLANA
315,Ruby Abigail Bustos Solorio,1960-08-05 00:00:00,olgaolivo@gmail.com,MACEDONIA
316,Antonio Ariadna Escamilla Guerra,1999-12-21 00:00:00,uriel55@gmail.com,LESOTHENSE
317,Daniela Polanco Ávila,1988-10-02 00:00:00,gironmercedes@gmail.com,DE SEYCHELLES
318,Paulina Berta Segura Alcaraz,1971-07-05 00:00:00,lorenzo52@hotmail.com,MARFILEÑA
319,Georgina Barreto,1964-08-31 00:00:00,marquezalma@gmail.com,PORTUGUESA
320,Cornelio Sessa Lucero Sáenz,1997-02-21 00:00:00,smarrero@gmail.com,NAMIBIANA
321,Karla Garibay Niño,2014-08-22 00:00:00,cornelio62@gmail.com,GUINEA
322,Anel Ríos,1962-07-07 00:00:00,icaraballo@gmail.com,SALVADOREÑA
323,Fidel Emiliano Molina,1954-04-13 00:00:00,alarconoswaldo@yahoo.com,TOGOLESA
324,Leonor Emilio Sosa,2003-05-24 00:00:00,aespinosa@yahoo.com,PARAGUAYA
325,Eduardo Pulido,1980-05-08 00:00:00,ramirezkarla@hotmail.com,FILIPINA
326,Irma Casillas,2013-12-07 00:00:00,guillerminazayas@gmail.com,MALAWIANA
327,Mtro. Pascual Miranda,1956-01-19 00:00:00,wvillegas@yahoo.com,PAKISTANI
328,Nicolás Camacho,2014-09-18 00:00:00,nbalderas@yahoo.com,OMANESA
329,Elena Garrido Juárez,2011-02-19 00:00:00,fidel55@gmail.com,GRIEGA
330,Jacobo Ramírez,2006-04-12 00:00:00,cecilia67@gmail.com,CHILENA
331,Abraham Graciela Serna Zambrano,1996-03-26 00:00:00,juliocorona@gmail.com,BELGA
332,Ofelia Paola Ceballos,1995-01-16 00:00:00,conchita89@hotmail.com,ESLOVACA
333,Mitzy Partida,2013-03-19 00:00:00,gilbertomata@gmail.com,CHIPRIOTA
334,Mitzy Quiroz Valenzuela,1995-01-06 00:00:00,miguelguzman@yahoo.com,CUBANA
335,Norma Figueroa Arias,1994-05-23 00:00:00,mirelesgenaro@gmail.com,DE CABO VERDE
336,Bernabé Eugenio Ferrer Reyna,1972-11-29 00:00:00,estebantafoya@hotmail.com,BURUNDESA
337,Camilo Camilo Bañuelos,1956-11-09 00:00:00,sandra08@gmail.com,IRANI
338,Lorenzo Marcela Maldonado,1987-06-11 00:00:00,trincon@yahoo.com,RUMANA
339,Mauro Nazario,1966-09-21 00:00:00,hgamez@hotmail.com,KUWAITI
340,Dr. Renato Dueñas,1972-02-11 00:00:00,silvialucero@yahoo.com,MOZAMBIQUEÑA
341,Esperanza Rufino Barrios,1999-05-09 00:00:00,velazquezangelica@gmail.com,SOVIETICA UCRANIANA
342,Bianca Alejandro Llamas Carreón,2013-08-10 00:00:00,marianocordova@gmail.com,SUDCOREANA
343,Cristina Mariana Ocampo,2010-01-14 00:00:00,porfiriourbina@yahoo.com,LIBANESA
344,María Luisa Horacio Pelayo Ríos,2011-07-07 00:00:00,genaro89@gmail.com,EGIPCIA
345,Lucas Rolando Rico,1993-08-06 00:00:00,lucasgranado@yahoo.com,MALTESA
346,Gustavo Jonás Baca,1977-08-04 00:00:00,colladoluis-miguel@yahoo.com,SIERRA LEONESA
347,Dr. Martha Ceja,1986-03-05 00:00:00,ortegaeduardo@hotmail.com,YUGOSLAVA
348,Margarita Aldo Ramos,2005-06-11 00:00:00,martinbriones@hotmail.com,PAKISTANI
349,Modesto Lozada,1980-02-04 00:00:00,pilarsanchez@hotmail.com,SUDCOREANA
350,Laura Jerónimo Ferrer Salcido,1977-06-10 00:00:00,jose-carlos51@hotmail.com,GRIEGA
351,Gabino Madrigal Mayorga,1990-03-04 00:00:00,garridofelipe@yahoo.com,DOMINICA
352,Rosario Aurelio Concepción,1996-09-20 00:00:00,taniamata@hotmail.com,COSTARRICENSE
353,Ing. Miriam Granado,2012-08-10 00:00:00,citlali95@hotmail.com,NORVIETNAMITA
354,Jesús Aguilar,1977-09-14 00:00:00,maria-jose98@yahoo.com,MACEDONIA
355,Patricio Alfonso Sánchez,1953-02-27 00:00:00,fnoriega@hotmail.com,COMORENSE
356,Paola Bañuelos Patiño,1982-12-19 00:00:00,gmarquez@gmail.com,BULGARA
357,Amador Eric Ávalos,1953-11-01 00:00:00,yalva@yahoo.com,ESLOVAQUIA
358,Juan Rosales,1959-12-24 00:00:00,esparzarufino@gmail.com,MOZAMBIQUEÑA
359,Ofelia Marcela Valles,1960-12-10 00:00:00,elviamota@yahoo.com,ESTADOUNIDENSE
360,Uriel Melgar González,2009-11-13 00:00:00,puentezeferino@yahoo.com,BIRMANA
361,Pedro Irma Marroquín,1959-10-30 00:00:00,nelly44@gmail.com,SENEGALESA
362,Anel Úrsula Laureano,1970-08-16 00:00:00,ybarraesther@gmail.com,BULGARA
363,Aurora Aragón,1950-07-16 00:00:00,maria-luisa58@yahoo.com,BOTSWANESA
364,Sonia Valencia Suárez,1985-09-11 00:00:00,fernando05@gmail.com,MONGOLESA
365,Jesús Collado Mercado,2013-05-23 00:00:00,montoyaantonio@yahoo.com,GABONESA
366,José Torres Perea,1956-07-17 00:00:00,mendozaabril@yahoo.com,SUECA
367,Tomás Gonzales Quintero,2003-04-20 00:00:00,oscar96@hotmail.com,BAHAMEÑA
368,Maximiliano Guadalupe Sepúlveda Limón,2002-05-15 00:00:00,ana-mariapedroza@yahoo.com,CHIPRIOTA
369,Martín Muro Escobar,1971-10-01 00:00:00,oswaldo82@yahoo.com,SURINAMENSE
370,Cynthia Isaac Acuña Almonte,2007-05-23 00:00:00,moralesliliana@yahoo.com,REINO UNIDO
371,Sr(a). Pedro Casares,1974-08-05 00:00:00,sessaguerrero@gmail.com,AUSTRIACA
372,Nelly Rosa Quintero,1967-11-10 00:00:00,guillermo12@yahoo.com,NIGERINA
373,Minerva Casares,1963-03-02 00:00:00,ymeraz@hotmail.com,MALASIA
374,Rosa Tello,2016-05-07 00:00:00,socorromuro@gmail.com,KUWAITI
375,Caridad Galindo,1952-08-24 00:00:00,fmaya@gmail.com,BHUTANESA
376,Pascual María Eugenia Villegas Calvillo,1951-11-14 00:00:00,oswaldo49@hotmail.com,TRINITARIA
377,Natividad Rascón Lozano,1980-02-17 00:00:00,marco-antonio85@yahoo.com,REINO UNIDO(C. BRIT. DEL EXT.)
378,Joaquín Almonte,1958-02-21 00:00:00,calderarodrigo@yahoo.com,ARABE
379,Frida Santiago Valles,2009-05-04 00:00:00,manuelcalderon@yahoo.com,SALOMONESA
380,Ana Luisa Benítez,1981-07-09 00:00:00,bvelazquez@hotmail.com,MAURICIANA
381,Dr. Mercedes Reyes,1992-05-06 00:00:00,trujilloirene@hotmail.com,EGIPCIA
382,Renato Girón Valles,1966-10-29 00:00:00,porfirio34@yahoo.com,ANGOLESA
383,Dr. Alicia Morales,2018-10-09 00:00:00,leonor09@gmail.com,ISRAELI
384,Marco Antonio Robles,1961-01-25 00:00:00,gabino09@hotmail.com,GHANATA
385,Nancy Esteban Salgado Ybarra,2001-09-30 00:00:00,inesmorales@gmail.com,DE CABO VERDE
386,Dr. Raquel Carreón,1975-07-26 00:00:00,talvarez@hotmail.com,PARAGUAYA
387,Eugenia Esperanza Galarza Méndez,1983-12-19 00:00:00,fmata@yahoo.com,ETIOPE
388,Lic. Israel Meléndez,2003-01-13 00:00:00,omar73@hotmail.com,NAMIBIANA
389,Sr(a). Estefanía Bermúdez,1979-09-15 00:00:00,vanesa76@hotmail.com,HUNGARA
390,Daniel Vélez Ferrer,2006-09-05 00:00:00,cardenasclaudio@yahoo.com,SOVIETICA UCRANIANA
391,Timoteo Amelia Ojeda Prado,2008-02-27 00:00:00,javieralvarez@yahoo.com,ZAMBIANA
392,Lic. Josefina Vega,1977-07-27 00:00:00,earias@hotmail.com,SURINAMENSE
393,Anel Caballero Ceballos,1967-12-09 00:00:00,calvillojosefina@yahoo.com,NAMIBIANA
394,Ángela Karina Mares,1969-10-30 00:00:00,conchita14@yahoo.com,SWAZI
395,Alejandro Montoya,2005-05-06 00:00:00,pedrazakarla@hotmail.com,MALASIA
396,Elisa Varela,1989-11-07 00:00:00,camilo17@gmail.com,BOTSWANESA
397,Lorenzo Camilo Quintanilla,1986-09-10 00:00:00,yuridiahernandez@hotmail.com,HONDUREÑA
398,Ing. Gerardo Pulido,1999-10-26 00:00:00,liliarios@yahoo.com,KIRGUISTAN
399,Ing. Frida Marrero,1981-06-02 00:00:00,brunobernal@gmail.com,SURINAMENSE
400,María Cristina Zavala Rivera,1963-11-14 00:00:00,sramirez@gmail.com,"MOLDOVIA, REPUBLICA DE"
401,Sr(a). Rosa Barrios,1967-02-25 00:00:00,bianca72@yahoo.com,ISRAELI
402,Dalia Jerónimo Arevalo Córdova,1966-09-01 00:00:00,israel20@hotmail.com,COMORENSE
403,Dolores Manuel Castillo Leiva,1994-03-21 00:00:00,canalesdiego@gmail.com,AUSTRALIANA
404,Minerva Raya,1959-08-03 00:00:00,upina@gmail.com,DEL QATAR
405,Horacio Alfredo Valle,1954-10-16 00:00:00,vjaquez@hotmail.com,MARFILEÑA
406,Ángela Reséndez Castro,1969-09-07 00:00:00,fonsecajacobo@gmail.com,BELGA
407,Karla Nevárez Delgado,1994-03-11 00:00:00,rociosalinas@yahoo.com,DE BENNIN
408,Aldonza Zoé Terrazas Alonso,1977-09-18 00:00:00,amalialoera@gmail.com,GRANADINA
409,Julio Téllez,1956-10-16 00:00:00,dmiranda@gmail.com,HUNGARA
410,Daniela Trinidad Alvarez Menchaca,1984-12-16 00:00:00,federicoespinosa@hotmail.com,YUGOSLAVA
411,Aurelio Pablo Sanches,2004-01-16 00:00:00,carlosgarza@hotmail.com,VENEZOLANA
412,Fabiola Luis Manuel Morales Dávila,1987-03-26 00:00:00,maria-luisa87@gmail.com,COMORENSE
413,Natividad Roybal,1965-09-06 00:00:00,lecheverria@hotmail.com,SUDANESA
414,Gabino Concepción,1967-08-20 00:00:00,judithleiva@hotmail.com,ITALIANA
415,Agustín Patricia Pacheco Treviño,2004-01-13 00:00:00,enavarro@gmail.com,ALEMANA
416,Antonio Alma López Tapia,1985-10-27 00:00:00,vanesanegrete@yahoo.com,CHINA
417,Georgina Nieto Núñez,1951-01-26 00:00:00,natividad00@gmail.com,KUWAITI
418,Dr. Mónica Sotelo,1986-02-05 00:00:00,xdominguez@gmail.com,BELICEÑA
419,Caridad Abelardo Cepeda,1965-07-08 00:00:00,rarredondo@yahoo.com,YUGOSLAVA
420,Jerónimo Vázquez Madera,1949-05-02 00:00:00,ramosdalia@gmail.com,FIJIANA
421,Ing. Esparta Muñiz,2004-01-21 00:00:00,faragon@hotmail.com,LIBERIANA
422,Ing. Homero Sandoval,1981-10-09 00:00:00,fridanieto@gmail.com,NIGERINA
423,Adán Bernardo Hurtado,1991-05-03 00:00:00,nadia04@hotmail.com,ANGOLESA
424,Blanca Horacio Guardado,2004-06-13 00:00:00,canoluis-miguel@gmail.com,NIGERIANA
425,Gloria Maldonado Soliz,1998-08-12 00:00:00,fidelsaenz@yahoo.com,DE BAHREIN
426,Jerónimo Barreto,1960-12-06 00:00:00,vacaabril@gmail.com,NEPALESA
427,Alejandra Murillo,2016-06-08 00:00:00,vsisneros@gmail.com,HINDU
428,Rafaél Arturo Guardado Barreto,1966-03-19 00:00:00,villarealsantiago@gmail.com,ESPAÑOLA
429,Reina Burgos,1998-12-04 00:00:00,juan-carlosvaldez@yahoo.com,UGANDESA
430,Lic. Susana Mateo,2001-08-10 00:00:00,adela84@hotmail.com,BRASILEÑA
431,Abraham Uriel Gastélum Nieto,2002-05-14 00:00:00,hinojosahelena@hotmail.com,TAILANDESA
432,Ing. Martha Santillán,1960-05-29 00:00:00,concepcionnancy@hotmail.com,ESLOVACA
433,Sessa David Mejía Marrero,2015-02-21 00:00:00,karlamata@yahoo.com,LAOSIANA
434,Estela Pedro Guevara Casárez,2006-04-07 00:00:00,juliaurbina@hotmail.com,SALVADOREÑA
435,Patricia Cristina Garza,1997-09-01 00:00:00,cadenacarolina@hotmail.com,HINDU
436,Yuridia Lucía Chavarría,2003-10-23 00:00:00,rolandoortega@yahoo.com,MONEGASCA
437,Concepción Miramontes Viera,1975-04-01 00:00:00,npaz@yahoo.com,SWAZI
438,Eloisa Ledesma Robledo,1952-08-10 00:00:00,gustavo14@hotmail.com,HOLANDESA
439,Yeni Flórez,1953-07-05 00:00:00,vanesacaraballo@yahoo.com,DOMINICANA
440,Bruno Santiago Jurado Villarreal,1979-10-09 00:00:00,lucia34@gmail.com,ESPAÑOLA
441,Angélica Haro Benavídez,1977-11-27 00:00:00,flavio20@gmail.com,CAMBOYANA
442,Augusto Gerónimo Bueno,1952-07-13 00:00:00,jacinto40@gmail.com,GUYANESA
443,Indira Esmeralda Luna,1995-02-21 00:00:00,wmadrid@yahoo.com,LIBANESA
444,Dr. Esteban Navarrete,1990-03-20 00:00:00,jolivo@yahoo.com,IRAQUI
445,Judith Abril Puga,1998-01-04 00:00:00,doloreslucio@yahoo.com,ISLANDESA
446,Aldo Sessa Zavala,1988-09-15 00:00:00,serratoconchita@gmail.com,DOMINICA
447,Mtro. Esparta Cornejo,1971-08-16 00:00:00,cavazosguillermo@gmail.com,NICARAGUENSE
448,Lic. José Eduardo Toro,1973-03-03 00:00:00,paolapolanco@gmail.com,DE BAHREIN
449,Sr(a). Alejandro Patiño,1995-10-21 00:00:00,claragalarza@hotmail.com,SURINAMENSE
468,Eitan,2019-05-09 00:00:00,edvorquez@uc.cl,Chileno
469,moishe,2019-05-19 00:00:00,mo@uc.cl,Chile
470,Moises,2019-04-29 00:00:00,moishe2028@gmail.com,Chilnea
471,Juan,2019-05-26 00:00:00,oli@uc.cl,Chile
472,antonio,2000-11-11 00:00:00,a@a.cl,chile
